Suite/Test/Step Name,Browser,Description,Tag,Start time,End time,Duration,Status
mobile,,,,2023-10-29 23:49:13,2023-10-29 23:51:16,2m - 3.804s,PASSED
,,,,,,,
Test Cases/TC1 User Valid Add new item,,,,2023-10-29 23:49:13,2023-10-29 23:49:39,25.702s,PASSED
"startApplication(""C:\Users\User-PC\Downloads\app-debug.apk"", true)",,,,2023-10-29 23:49:13,2023-10-29 23:49:31,17.593s,PASSED
"tap(findTestObject(""Object Repository/add item1/android.widget.Button""), 0)",,,,2023-10-29 23:49:31,2023-10-29 23:49:32,0.838s,PASSED
"setText(findTestObject(""Object Repository/add item1/android.widget.EditText - Name""), ""lasria"", 0)",,,,2023-10-29 23:49:32,2023-10-29 23:49:33,1.848s,PASSED
"tap(findTestObject(""Object Repository/add item1/android.widget.EditText - 1, Quantity""), 0)",,,,2023-10-29 23:49:33,2023-10-29 23:49:34,0.248s,PASSED
"tap(findTestObject(""Object Repository/add item1/android.widget.Button (1)""), 0)",,,,2023-10-29 23:49:34,2023-10-29 23:49:35,0.902s,PASSED
"tap(findTestObject(""Object Repository/add item1/android.view.View""), 0)",,,,2023-10-29 23:49:35,2023-10-29 23:49:36,1.038s,PASSED
"tap(findTestObject(""Object Repository/add item1/android.widget.Button (2)""), 0)",,,,2023-10-29 23:49:36,2023-10-29 23:49:37,1.534s,PASSED
closeApplication(),,,,2023-10-29 23:49:37,2023-10-29 23:49:39,1.391s,PASSED
,,,,,,,
Test Cases/TC2 User Add new Item not Name,,,,2023-10-29 23:49:39,2023-10-29 23:50:02,23.575s,PASSED
"startApplication(""C:\Users\User-PC\Downloads\app-debug.apk"", true)",,,,2023-10-29 23:49:39,2023-10-29 23:49:54,15.378s,PASSED
"tap(findTestObject(""Object Repository/add item2/android.widget.Button""), 0)",,,,2023-10-29 23:49:54,2023-10-29 23:49:55,0.991s,PASSED
"tap(findTestObject(""Object Repository/add item2/android.widget.EditText - Name""), 0)",,,,2023-10-29 23:49:55,2023-10-29 23:49:57,1.252s,PASSED
"tap(findTestObject(""Object Repository/add item2/android.widget.EditText - 1, Quantity""), 0)",,,,2023-10-29 23:49:57,2023-10-29 23:49:58,0.921s,PASSED
"tap(findTestObject(""Object Repository/add item2/android.widget.Button (1)""), 0)",,,,2023-10-29 23:49:58,2023-10-29 23:49:58,0.782s,PASSED
"tap(findTestObject(""Object Repository/add item2/android.view.View""), 0)",,,,2023-10-29 23:49:58,2023-10-29 23:49:59,0.981s,PASSED
"tap(findTestObject(""Object Repository/add item2/android.widget.Button (2)""), 0)",,,,2023-10-29 23:49:59,2023-10-29 23:50:01,1.670s,PASSED
closeApplication(),,,,2023-10-29 23:50:01,2023-10-29 23:50:02,1.126s,PASSED
,,,,,,,
Test Cases/TC3 User Add new Item not Quantity,,,,2023-10-29 23:50:02,2023-10-29 23:50:28,25.809s,PASSED
"startApplication(""C:\Users\User-PC\Downloads\app-debug.apk"", true)",,,,2023-10-29 23:50:03,2023-10-29 23:50:18,15.852s,PASSED
"tap(findTestObject(""Object Repository/add item 3/android.widget.Button""), 0)",,,,2023-10-29 23:50:18,2023-10-29 23:50:20,1.136s,PASSED
"tap(findTestObject(""Object Repository/add item 3/android.widget.EditText - Name""), 0)",,,,2023-10-29 23:50:20,2023-10-29 23:50:21,1.239s,PASSED
"setText(findTestObject(""Object Repository/add item 3/android.widget.EditText - Name (1)""), ""APELLL"", 0)",,,,2023-10-29 23:50:21,2023-10-29 23:50:22,0.955s,PASSED
"tap(findTestObject(""Object Repository/add item 3/android.widget.EditText - 1, Quantity""), 0)",,,,2023-10-29 23:50:22,2023-10-29 23:50:23,1.165s,PASSED
"setText(findTestObject(""Object Repository/add item 3/android.widget.EditText - 1, Quantity (1)""), ""0"", 0)",,,,2023-10-29 23:50:23,2023-10-29 23:50:24,0.815s,PASSED
"tap(findTestObject(""Object Repository/add item 3/android.widget.Button (1)""), 0)",,,,2023-10-29 23:50:24,2023-10-29 23:50:24,0.662s,PASSED
"tap(findTestObject(""Object Repository/add item 3/android.view.View""), 0)",,,,2023-10-29 23:50:24,2023-10-29 23:50:25,0.977s,PASSED
"tap(findTestObject(""Object Repository/add item 3/android.widget.Button (2)""), 0)",,,,2023-10-29 23:50:25,2023-10-29 23:50:27,1.482s,PASSED
closeApplication(),,,,2023-10-29 23:50:27,2023-10-29 23:50:28,1.108s,PASSED
,,,,,,,
Test Cases/TC4 User Add name  1 letters in New Item,,,,2023-10-29 23:50:28,2023-10-29 23:50:52,24.076s,PASSED
"startApplication(""C:\Users\User-PC\Downloads\app-debug.apk"", true)",,,,2023-10-29 23:50:28,2023-10-29 23:50:43,14.766s,PASSED
"tap(findTestObject(""Object Repository/add item 4/android.widget.Button""), 0)",,,,2023-10-29 23:50:43,2023-10-29 23:50:44,0.823s,PASSED
"tap(findTestObject(""Object Repository/add item 4/android.widget.EditText - Name""), 0)",,,,2023-10-29 23:50:44,2023-10-29 23:50:45,1.187s,PASSED
"setText(findTestObject(""Object Repository/add item 4/android.widget.EditText - Name (1)""), ""A"", 0)",,,,2023-10-29 23:50:45,2023-10-29 23:50:46,1.047s,PASSED
"tap(findTestObject(""Object Repository/add item 4/android.widget.EditText - 1, Quantity""), 0)",,,,2023-10-29 23:50:46,2023-10-29 23:50:47,0.977s,PASSED
"tap(findTestObject(""Object Repository/add item 4/android.widget.Button (1)""), 0)",,,,2023-10-29 23:50:47,2023-10-29 23:50:48,0.781s,PASSED
"tap(findTestObject(""Object Repository/add item 4/android.view.View""), 0)",,,,2023-10-29 23:50:48,2023-10-29 23:50:49,0.952s,PASSED
"tap(findTestObject(""Object Repository/add item 4/android.widget.Button (2)""), 0)",,,,2023-10-29 23:50:49,2023-10-29 23:50:50,1.550s,PASSED
closeApplication(),,,,2023-10-29 23:50:50,2023-10-29 23:50:52,1.617s,PASSED
,,,,,,,
Test Cases/TC5 User Reset Name,,,,2023-10-29 23:50:52,2023-10-29 23:51:16,24.308s,PASSED
"startApplication(""C:\Users\User-PC\Downloads\app-debug.apk"", true)",,,,2023-10-29 23:50:52,2023-10-29 23:51:08,15.455s,PASSED
"tap(findTestObject(""Object Repository/RESET/android.widget.Button""), 0)",,,,2023-10-29 23:51:08,2023-10-29 23:51:09,1.097s,PASSED
"tap(findTestObject(""Object Repository/RESET/android.widget.EditText - Name""), 0)",,,,2023-10-29 23:51:09,2023-10-29 23:51:10,1.196s,PASSED
"setText(findTestObject(""Object Repository/RESET/android.widget.EditText - Name (1)""), ""JERUK"", 0)",,,,2023-10-29 23:51:10,2023-10-29 23:51:11,0.884s,PASSED
"tap(findTestObject(""Object Repository/RESET/android.widget.EditText - 1, Quantity""), 0)",,,,2023-10-29 23:51:11,2023-10-29 23:51:12,0.992s,PASSED
"tap(findTestObject(""Object Repository/RESET/android.widget.Button (1)""), 0)",,,,2023-10-29 23:51:12,2023-10-29 23:51:13,0.779s,PASSED
"tap(findTestObject(""Object Repository/RESET/android.view.View""), 0)",,,,2023-10-29 23:51:13,2023-10-29 23:51:14,0.929s,PASSED
"tap(findTestObject(""Object Repository/RESET/android.widget.Button (2)""), 0)",,,,2023-10-29 23:51:14,2023-10-29 23:51:15,1.497s,PASSED
closeApplication(),,,,2023-10-29 23:51:15,2023-10-29 23:51:16,1.133s,PASSED
